[{"goodname":"口水娃 零食大礼包 肉类豆干","info":"格林纳特 蔓越莓脱衣核桃仁（140g/盒内含7袋）每日坚果缤纷果干果仁","price":100,"goodimg":"https://img10.360buyimg.com/n7/jfs/t1/67/40/12876/100247/5bd12be4E8d91d785/5f6a791756bedcf2.jpg!q70.dpg","num":"1000","id":1},{"goodname":"口水娃 零食大礼包 肉类豆干","info":"格林纳特 蔓越莓脱衣核桃仁（140g/盒内含7袋）每日坚果缤纷果干果仁","price":90,"goodimg":"https://img12.360buyimg.com/n7/jfs/t7534/142/1496991032/145083/85e90fa7/599d547fN98bfe10e.jpg!q70.dpg","num":"1000","id":2},{"goodname":"口水娃 零食大礼包 肉类豆干","info":"格林纳特 蔓越莓脱衣核桃仁（140g/盒内含7袋）每日坚果缤纷果干果仁","price":80,"goodimg":"https://img14.360buyimg.com/n7/jfs/t22444/234/2498273894/223956/9f95f7fe/5b84a597N199059fb.jpg!q70.dpg","num":"1000","id":3},{"goodname":"口水娃 零食大礼包 肉类豆干","info":"格林纳特 蔓越莓脱衣核桃仁（140g/盒内含7袋）每日坚果缤纷果干果仁","price":70,"goodimg":"https://img12.360buyimg.com/n7/jfs/t21181/101/1438756130/491499/ccc4b63d/5b295765N93e7d3af.jpg!q70.dpg","num":"1000","id":4},{"goodname":"口水娃 零食大礼包 肉类豆干","info":"格林纳特 蔓越莓脱衣核桃仁（140g/盒内含7袋）每日坚果缤纷果干果仁","price":60,"goodimg":"https://img12.360buyimg.com/n7/jfs/t12961/339/2205673420/370760/99a61202/5a361b39N8f1b0827.jpg!q70.dpg","num":"1000","id":5},{"goodname":"口水娃 零食大礼包 肉类豆干","info":"格林纳特 蔓越莓脱衣核桃仁（140g/盒内含7袋）每日坚果缤纷果干果仁","price":50,"goodimg":"https://img10.360buyimg.com/n7/jfs/t15928/35/2454305524/265940/dfc21c65/5aa8f6b5N142957b2.jpg!q70.dpg","num":"1000","id":6},{"goodname":"口水娃 零食大礼包 肉类豆干","info":"格林纳特 蔓越莓脱衣核桃仁（140g/盒内含7袋）每日坚果缤纷果干果仁","price":48,"goodimg":"https://img10.360buyimg.com/n7/jfs/t15928/35/2454305524/265940/dfc21c65/5aa8f6b5N142957b2.jpg!q70.dpg","num":"1000","id":7},{"goodname":"口水娃 零食大礼包 肉类豆干","info":"格林纳特 蔓越莓脱衣核桃仁（140g/盒内含7袋）每日坚果缤纷果干果仁","price":46,"goodimg":"https://img10.360buyimg.com/n7/jfs/t15928/35/2454305524/265940/dfc21c65/5aa8f6b5N142957b2.jpg!q70.dpg","num":"1000","id":8},{"goodname":"口水娃 零食大礼包 肉类豆干","info":"格林纳特 蔓越莓脱衣核桃仁（140g/盒内含7袋）每日坚果缤纷果干果仁","price":46,"goodimg":"https://img10.360buyimg.com/n7/jfs/t15928/35/2454305524/265940/dfc21c65/5aa8f6b5N142957b2.jpg!q70.dpg","num":"1000","id":9},{"goodname":"口水娃 零食大礼包 肉类豆干","info":"格林纳特 蔓越莓脱衣核桃仁（140g/盒内含7袋）每日坚果缤纷果干果仁","price":46,"goodimg":"https://img10.360buyimg.com/n7/jfs/t15928/35/2454305524/265940/dfc21c65/5aa8f6b5N142957b2.jpg!q70.dpg","num":"1000","id":10},{"goodname":"口水娃 零食大礼包 肉类豆干","info":"格林纳特 蔓越莓脱衣核桃仁（140g/盒内含7袋）每日坚果缤纷果干果仁","price":88,"goodimg":"https://img10.360buyimg.com/n7/jfs/t15928/35/2454305524/265940/dfc21c65/5aa8f6b5N142957b2.jpg!q70.dpg","num":"1000","id":11},{"goodname":"口水娃 零食大礼包 肉类豆干","info":"格林纳特 蔓越莓脱衣核桃仁（140g/盒内含7袋）每日坚果缤纷果干果仁","price":88,"goodimg":"https://img10.360buyimg.com/n7/jfs/t15928/35/2454305524/265940/dfc21c65/5aa8f6b5N142957b2.jpg!q70.dpg","num":"1000","id":12},{"goodname":"口水娃 零食大礼包 肉类豆干","info":"格林纳特 蔓越莓脱衣核桃仁（140g/盒内含7袋）每日坚果缤纷果干果仁","price":88,"goodimg":"https://img10.360buyimg.com/n7/jfs/t15928/35/2454305524/265940/dfc21c65/5aa8f6b5N142957b2.jpg!q70.dpg","num":"1000","id":13},{"goodname":"口水娃 零食大礼包 肉类豆干","info":"格林纳特 蔓越莓脱衣核桃仁（140g/盒内含7袋）每日坚果缤纷果干果仁","price":88,"goodimg":"https://img10.360buyimg.com/n7/jfs/t15928/35/2454305524/265940/dfc21c65/5aa8f6b5N142957b2.jpg!q70.dpg","num":"1000","id":14},{"goodname":"口水娃 零食大礼包 肉类豆干","info":"格林纳特 蔓越莓脱衣核桃仁（140g/盒内含7袋）每日坚果缤纷果干果仁","price":88,"goodimg":"https://img10.360buyimg.com/n7/jfs/t15928/35/2454305524/265940/dfc21c65/5aa8f6b5N142957b2.jpg!q70.dpg","num":"1000","id":15},{"goodname":"口水娃 零食大礼包 肉类豆干","info":"格林纳特 蔓越莓脱衣核桃仁（140g/盒内含7袋）每日坚果缤纷果干果仁","price":88,"goodimg":"https://img10.360buyimg.com/n7/jfs/t15928/35/2454305524/265940/dfc21c65/5aa8f6b5N142957b2.jpg!q70.dpg","num":"1000","id":16},{"goodname":"口水娃 零食大礼包 肉类豆干","info":"格林纳特 蔓越莓脱衣核桃仁（140g/盒内含7袋）每日坚果缤纷果干果仁","price":88,"goodimg":"https://img10.360buyimg.com/n7/jfs/t15928/35/2454305524/265940/dfc21c65/5aa8f6b5N142957b2.jpg!q70.dpg","num":"1000","id":17},{"goodimg":"图片","goodname":"帽子","id":18,"info":"好看","num":"200","price":"10"},{"goodimg":"img","goodname":"鞋子","id":19,"info":"好看","num":"100","price":"500"},{"goodimg":"发发发","goodname":"方法","id":20,"info":"方法","num":"1","price":"200"},{"goodimg":"方法","goodname":"方法","id":21,"info":"方法","num":"11"},{"goodimg":"发发发","goodname":"方法","id":22,"info":"方法","num":"11","price":"11"},{"goodimg":"111","goodname":"111","id":23,"info":"111","num":"111","price":"111"},{"goodimg":"gg","goodname":"ff","id":24,"info":"123","num":"123","price":"123"},{"goodimg":"gg","goodname":"ff","id":25,"info":"123","num":"123","price":"123"}]